Timestamp,RunIndex,ScenarioID,TotalAgents,VisibleSignCount,SignHeight,SignPositionX,SignPositionZ,SignOrientation,VcaAngle,VcaDistance,SignComprehensionTime,AgentID,AgentType,StartNode,GoalNode,Height,EyeHeight,TimeInVCA,TimesInVCA,SawSign,TotalNodesNavigated,NodesWithDetection,RDEffective
2026-03-07_21.32.13,42,sign-optimization-vertical_scenario,269,221,3,-7,-6,90,90,15,1,9624,WheelchairAgent(Clone),7,8,1.3,1.17,7.335449,2,True,2,1,0.5
2026-03-07_21.32.13,42,sign-optimization-vertical_scenario,269,221,3,-7,-6,90,90,15,1,9625,WheelchairAgent(Clone),8,7,1.3,1.17,7.978516,2,True,2,1,0.5
2026-03-07_21.32.13,42,sign-optimization-vertical_scenario,269,221,3,-7,-6,90,90,15,1,9626,AdultFemaleAgent(Clone),8,7,1.58,1.45,10.40479,2,True,2,1,0.5
2026-03-07_21.32.13,42,sign-optimization-vertical_scenario,269,221,3,-7,-6,90,90,15,1,9627,WheelchairAgent(Clone),7,8,1.3,1.17,10.00562,2,True,2,1,0.5
2026-03-07_21.32.13,42,sign-optimization-vertical_scenario,269,221,3,-7,-6,90,90,15,1,9628,WheelchairAgent(Clone),8,7,1.3,1.17,10.36816,2,True,2,1,0.5
2026-03-07_21.32.13,42,sign-optimization-vertical_scenario,269,221,3,-7,-6,90,90,15,1,9629,WheelchairAgent(Clone),8,7,1.3,1.17,8.458252,2,True,2,1,0.5
2026-03-07_21.32.13,42,sign-optimization-vertical_scenario,269,221,3,-7,-6,90,90,15,1,9630,WheelchairAgent(Clone),7,8,1.3,1.17,9.804688,2,True,2,1,0.5
2026-03-07_21.32.13,42,sign-optimization-vertical_scenario,269,221,3,-7,-6,90,90,15,1,9631,AdultMaleAgent(Clone),8,7,1.71,1.58,8.682617,2,True,2,1,0.5
2026-03-07_21.32.13,42,sign-optimization-vertical_scenario,269,221,3,-7,-6,90,90,15,1,9632,AdultFemaleAgent(Clone),8,7,1.58,1.45,11.74902,2,True,2,1,0.5
2026-03-07_21.32.13,42,sign-optimization-vertical_scenario,269,221,3,-7,-6,90,90,15,1,9633,AdultFemaleAgent(Clone),8,7,1.58,1.45,10.79688,2,True,2,1,0.5
2026-03-07_21.32.13,42,sign-optimization-vertical_scenario,269,221,3,-7,-6,90,90,15,1,9634,AdultFemaleAgent(Clone),7,8,1.58,1.45,9.438721,2,True,2,1,0.5
2026-03-07_21.32.13,42,sign-optimization-vertical_scenario,269,221,3,-7,-6,90,90,15,1,9635,WheelchairAgent(Clone),7,8,1.3,1.17,10.10181,2,True,2,1,0.5
2026-03-07_21.32.13,42,sign-optimization-vertical_scenario,269,221,3,-7,-6,90,90,15,1,9636,AdultFemaleAgent(Clone),8,7,1.58,1.45,10.61035,2,True,2,1,0.5
2026-03-07_21.32.13,42,sign-optimization-vertical_scenario,269,221,3,-7,-6,90,90,15,1,9637,AdultFemaleAgent(Clone),7,8,1.58,1.45,7.70459,2,True,2,1,0.5
2026-03-07_21.32.13,42,sign-optimization-vertical_scenario,269,221,3,-7,-6,90,90,15,1,9638,WheelchairAgent(Clone),8,7,1.3,1.17,9.311279,2,True,2,1,0.5
2026-03-07_21.32.13,42,sign-optimization-vertical_scenario,269,221,3,-7,-6,90,90,15,1,9639,AdultMaleAgent(Clone),8,7,1.71,1.58,10.479,2,True,2,1,0.5
2026-03-07_21.32.13,42,sign-optimization-vertical_scenario,269,221,3,-7,-6,90,90,15,1,9640,AdultMaleAgent(Clone),7,8,1.71,1.58,10.77832,2,True,2,1,0.5
2026-03-07_21.32.13,42,sign-optimization-vertical_scenario,269,221,3,-7,-6,90,90,15,1,9641,AdultFemaleAgent(Clone),7,8,1.58,1.45,11.14624,2,True,2,1,0.5
2026-03-07_21.32.13,42,sign-optimization-vertical_scenario,269,221,3,-7,-6,90,90,15,1,9642,WheelchairAgent(Clone),7,8,1.3,1.17,9.723389,2,True,2,1,0.5
2026-03-07_21.32.13,42,sign-optimization-vertical_scenario,269,221,3,-7,-6,90,90,15,1,9643,AdultFemaleAgent(Clone),8,7,1.58,1.45,9.461426,2,True,2,1,0.5
2026-03-07_21.32.13,42,sign-optimization-vertical_scenario,269,221,3,-7,-6,90,90,15,1,9644,WheelchairAgent(Clone),8,7,1.3,1.17,12.70605,2,True,2,1,0.5
2026-03-07_21.32.13,42,sign-optimization-vertical_scenario,269,221,3,-7,-6,90,90,15,1,9645,AdultFemaleAgent(Clone),8,7,1.58,1.45,9.279053,2,True,2,1,0.5
2026-03-07_21.32.13,42,sign-optimization-vertical_scenario,269,221,3,-7,-6,90,90,15,1,9646,AdultMaleAgent(Clone),7,8,1.71,1.58,10.21948,2,True,2,1,0.5
2026-03-07_21.32.13,42,sign-optimization-vertical_scenario,269,221,3,-7,-6,90,90,15,1,9647,WheelchairAgent(Clone),7,8,1.3,1.17,8.126953,2,True,2,1,0.5
2026-03-07_21.32.13,42,sign-optimization-vertical_scenario,269,221,3,-7,-6,90,90,15,1,9648,AdultFemaleAgent(Clone),8,7,1.58,1.45,9.933105,2,True,2,1,0.5
2026-03-07_21.32.13,42,sign-optimization-vertical_scenario,269,221,3,-7,-6,90,90,15,1,9649,AdultMaleAgent(Clone),8,7,1.71,1.58,9.737305,2,True,2,1,0.5
2026-03-07_21.32.13,42,sign-optimization-vertical_scenario,269,221,3,-7,-6,90,90,15,1,9650,AdultFemaleAgent(Clone),7,8,1.58,1.45,8.574951,2,True,2,1,0.5
2026-03-07_21.32.13,42,sign-optimization-vertical_scenario,269,221,3,-7,-6,90,90,15,1,9651,AdultFemaleAgent(Clone),7,8,1.58,1.45,7.845459,2,True,2,1,0.5
2026-03-07_21.32.13,42,sign-optimization-vertical_scenario,269,221,3,-7,-6,90,90,15,1,9652,AdultMaleAgent(Clone),7,8,1.71,1.58,11.20459,2,True,2,1,0.5
2026-03-07_21.32.13,42,sign-optimization-vertical_scenario,269,221,3,-7,-6,90,90,15,1,9653,AdultFemaleAgent(Clone),7,8,1.58,1.45,8.367432,2,True,2,1,0.5
2026-03-07_21.32.13,42,sign-optimization-vertical_scenario,269,221,3,-7,-6,90,90,15,1,9654,WheelchairAgent(Clone),8,7,1.3,1.17,9.772461,2,True,2,1,0.5
2026-03-07_21.32.13,42,sign-optimization-vertical_scenario,269,221,3,-7,-6,90,90,15,1,9655,AdultMaleAgent(Clone),7,8,1.71,1.58,8.633301,2,True,2,1,0.5
2026-03-07_21.32.13,42,sign-optimization-vertical_scenario,269,221,3,-7,-6,90,90,15,1,9656,AdultFemaleAgent(Clone),8,7,1.58,1.45,10.21216,2,True,2,1,0.5
2026-03-07_21.32.13,42,sign-optimization-vertical_scenario,269,221,3,-7,-6,90,90,15,1,9657,AdultMaleAgent(Clone),7,8,1.71,1.58,9.996826,2,True,2,1,0.5
2026-03-07_21.32.13,42,sign-optimization-vertical_scenario,269,221,3,-7,-6,90,90,15,1,9658,WheelchairAgent(Clone),8,7,1.3,1.17,10.05273,2,True,2,1,0.5
2026-03-07_21.32.13,42,sign-optimization-vertical_scenario,269,221,3,-7,-6,90,90,15,1,9659,WheelchairAgent(Clone),7,8,1.3,1.17,9.581543,2,True,2,1,0.5
2026-03-07_21.32.13,42,sign-optimization-vertical_scenario,269,221,3,-7,-6,90,90,15,1,9660,AdultMaleAgent(Clone),8,7,1.71,1.58,9.183105,2,True,2,1,0.5
2026-03-07_21.32.13,42,sign-optimization-vertical_scenario,269,221,3,-7,-6,90,90,15,1,9661,AdultMaleAgent(Clone),8,7,1.71,1.58,9.251953,2,True,2,1,0.5
2026-03-07_21.32.13,42,sign-optimization-vertical_scenario,269,221,3,-7,-6,90,90,15,1,9662,AdultFemaleAgent(Clone),7,8,1.58,1.45,8.356934,2,True,2,1,0.5
2026-03-07_21.32.13,42,sign-optimization-vertical_scenario,269,221,3,-7,-6,90,90,15,1,9663,AdultFemaleAgent(Clone),7,8,1.58,1.45,8.230713,2,True,2,1,0.5
2026-03-07_21.32.13,42,sign-optimization-vertical_scenario,269,221,3,-7,-6,90,90,15,1,9664,AdultFemaleAgent(Clone),8,7,1.58,1.45,9.838379,2,True,2,1,0.5
2026-03-07_21.32.13,42,sign-optimization-vertical_scenario,269,221,3,-7,-6,90,90,15,1,9665,WheelchairAgent(Clone),8,7,1.3,1.17,9.149658,2,True,2,1,0.5
2026-03-07_21.32.13,42,sign-optimization-vertical_scenario,269,221,3,-7,-6,90,90,15,1,9666,WheelchairAgent(Clone),8,7,1.3,1.17,10.07202,2,True,2,1,0.5
2026-03-07_21.32.13,42,sign-optimization-vertical_scenario,269,221,3,-7,-6,90,90,15,1,9667,AdultFemaleAgent(Clone),7,8,1.58,1.45,8.994141,2,True,2,1,0.5
2026-03-07_21.32.13,42,sign-optimization-vertical_scenario,269,221,3,-7,-6,90,90,15,1,9668,WheelchairAgent(Clone),8,7,1.3,1.17,11.62646,2,True,2,1,0.5
2026-03-07_21.32.13,42,sign-optimization-vertical_scenario,269,221,3,-7,-6,90,90,15,1,9669,WheelchairAgent(Clone),7,8,1.3,1.17,10.16724,2,True,2,1,0.5
2026-03-07_21.32.13,42,sign-optimization-vertical_scenario,269,221,3,-7,-6,90,90,15,1,9670,WheelchairAgent(Clone),8,7,1.3,1.17,9.635986,2,True,2,1,0.5
2026-03-07_21.32.13,42,sign-optimization-vertical_scenario,269,221,3,-7,-6,90,90,15,1,9671,AdultMaleAgent(Clone),7,8,1.71,1.58,9.281982,2,True,2,1,0.5
2026-03-07_21.32.13,42,sign-optimization-vertical_scenario,269,221,3,-7,-6,90,90,15,1,9672,WheelchairAgent(Clone),8,7,1.3,1.17,10.24731,2,True,2,1,0.5
2026-03-07_21.32.13,42,sign-optimization-vertical_scenario,269,221,3,-7,-6,90,90,15,1,9673,AdultMaleAgent(Clone),8,7,1.71,1.58,9.797607,2,True,2,1,0.5
2026-03-07_21.32.13,42,sign-optimization-vertical_scenario,269,221,3,-7,-6,90,90,15,1,9674,AdultMaleAgent(Clone),7,8,1.71,1.58,8.814209,2,True,2,1,0.5
2026-03-07_21.32.13,42,sign-optimization-vertical_scenario,269,221,3,-7,-6,90,90,15,1,9675,WheelchairAgent(Clone),8,7,1.3,1.17,9.655762,2,True,2,1,0.5
2026-03-07_21.32.13,42,sign-optimization-vertical_scenario,269,221,3,-7,-6,90,90,15,1,9676,AdultFemaleAgent(Clone),8,7,1.58,1.45,11.5481,2,True,2,1,0.5
2026-03-07_21.32.13,42,sign-optimization-vertical_scenario,269,221,3,-7,-6,90,90,15,1,9677,AdultMaleAgent(Clone),7,8,1.71,1.58,9.712891,2,True,2,1,0.5
2026-03-07_21.32.13,42,sign-optimization-vertical_scenario,269,221,3,-7,-6,90,90,15,1,9678,AdultFemaleAgent(Clone),7,8,1.58,1.45,9.08667,2,True,2,1,0.5
2026-03-07_21.32.13,42,sign-optimization-vertical_scenario,269,221,3,-7,-6,90,90,15,1,9679,AdultFemaleAgent(Clone),7,8,1.58,1.45,8.71167,2,True,2,1,0.5
2026-03-07_21.32.13,42,sign-optimization-vertical_scenario,269,221,3,-7,-6,90,90,15,1,9680,AdultFemaleAgent(Clone),8,7,1.58,1.45,9.725098,2,True,2,1,0.5
2026-03-07_21.32.13,42,sign-optimization-vertical_scenario,269,221,3,-7,-6,90,90,15,1,9681,AdultFemaleAgent(Clone),7,8,1.58,1.45,8.854736,2,True,2,1,0.5
2026-03-07_21.32.13,42,sign-optimization-vertical_scenario,269,221,3,-7,-6,90,90,15,1,9682,WheelchairAgent(Clone),8,7,1.3,1.17,11.34131,2,True,2,1,0.5
2026-03-07_21.32.13,42,sign-optimization-vertical_scenario,269,221,3,-7,-6,90,90,15,1,9683,WheelchairAgent(Clone),8,7,1.3,1.17,9.370361,2,True,2,1,0.5
2026-03-07_21.32.13,42,sign-optimization-vertical_scenario,269,221,3,-7,-6,90,90,15,1,9684,AdultFemaleAgent(Clone),8,7,1.58,1.45,10.04858,2,True,2,1,0.5
2026-03-07_21.32.13,42,sign-optimization-vertical_scenario,269,221,3,-7,-6,90,90,15,1,9685,AdultFemaleAgent(Clone),8,7,1.58,1.45,11.53613,2,True,2,1,0.5
2026-03-07_21.32.13,42,sign-optimization-vertical_scenario,269,221,3,-7,-6,90,90,15,1,9686,AdultMaleAgent(Clone),7,8,1.71,1.58,8.693604,2,True,2,1,0.5
2026-03-07_21.32.13,42,sign-optimization-vertical_scenario,269,221,3,-7,-6,90,90,15,1,9687,AdultMaleAgent(Clone),7,8,1.71,1.58,7.298828,2,True,2,1,0.5
2026-03-07_21.32.13,42,sign-optimization-vertical_scenario,269,221,3,-7,-6,90,90,15,1,9688,AdultFemaleAgent(Clone),8,7,1.58,1.45,9.632324,2,True,2,1,0.5
2026-03-07_21.32.13,42,sign-optimization-vertical_scenario,269,221,3,-7,-6,90,90,15,1,9689,AdultFemaleAgent(Clone),8,7,1.58,1.45,10.10913,2,True,2,1,0.5
2026-03-07_21.32.13,42,sign-optimization-vertical_scenario,269,221,3,-7,-6,90,90,15,1,9690,AdultMaleAgent(Clone),7,8,1.71,1.58,8.54126,2,True,2,1,0.5
2026-03-07_21.32.13,42,sign-optimization-vertical_scenario,269,221,3,-7,-6,90,90,15,1,9691,AdultFemaleAgent(Clone),7,8,1.58,1.45,8.859131,2,True,2,1,0.5
2026-03-07_21.32.13,42,sign-optimization-vertical_scenario,269,221,3,-7,-6,90,90,15,1,9692,AdultFemaleAgent(Clone),7,8,1.58,1.45,8.419434,2,True,2,1,0.5
2026-03-07_21.32.13,42,sign-optimization-vertical_scenario,269,221,3,-7,-6,90,90,15,1,9693,WheelchairAgent(Clone),8,7,1.3,1.17,10.63379,2,True,2,1,0.5
2026-03-07_21.32.13,42,sign-optimization-vertical_scenario,269,221,3,-7,-6,90,90,15,1,9694,AdultMaleAgent(Clone),7,8,1.71,1.58,14.0918,2,True,2,1,0.5
2026-03-07_21.32.13,42,sign-optimization-vertical_scenario,269,221,3,-7,-6,90,90,15,1,9695,WheelchairAgent(Clone),8,7,1.3,1.17,9.319092,2,True,2,1,0.5
2026-03-07_21.32.13,42,sign-optimization-vertical_scenario,269,221,3,-7,-6,90,90,15,1,9696,WheelchairAgent(Clone),7,8,1.3,1.17,10.1709,2,True,2,1,0.5
2026-03-07_21.32.13,42,sign-optimization-vertical_scenario,269,221,3,-7,-6,90,90,15,1,9697,WheelchairAgent(Clone),8,7,1.3,1.17,10.92407,2,True,2,1,0.5
2026-03-07_21.32.13,42,sign-optimization-vertical_scenario,269,221,3,-7,-6,90,90,15,1,9698,WheelchairAgent(Clone),7,8,1.3,1.17,8.71582,2,True,2,1,0.5
2026-03-07_21.32.13,42,sign-optimization-vertical_scenario,269,221,3,-7,-6,90,90,15,1,9699,WheelchairAgent(Clone),7,8,1.3,1.17,7.755127,2,True,2,1,0.5
2026-03-07_21.32.13,42,sign-optimization-vertical_scenario,269,221,3,-7,-6,90,90,15,1,9700,AdultMaleAgent(Clone),7,8,1.71,1.58,8.587891,2,True,2,1,0.5
2026-03-07_21.32.13,42,sign-optimization-vertical_scenario,269,221,3,-7,-6,90,90,15,1,9701,AdultFemaleAgent(Clone),7,8,1.58,1.45,8.596924,2,True,2,1,0.5
2026-03-07_21.32.13,42,sign-optimization-vertical_scenario,269,221,3,-7,-6,90,90,15,1,9702,AdultMaleAgent(Clone),8,7,1.71,1.58,11.01489,2,True,2,1,0.5
2026-03-07_21.32.13,42,sign-optimization-vertical_scenario,269,221,3,-7,-6,90,90,15,1,9703,WheelchairAgent(Clone),8,7,1.3,1.17,9.003906,2,True,2,1,0.5
2026-03-07_21.32.13,42,sign-optimization-vertical_scenario,269,221,3,-7,-6,90,90,15,1,9704,AdultFemaleAgent(Clone),8,7,1.58,1.45,10.68164,2,True,2,1,0.5
2026-03-07_21.32.13,42,sign-optimization-vertical_scenario,269,221,3,-7,-6,90,90,15,1,9705,AdultFemaleAgent(Clone),8,7,1.58,1.45,11.1582,2,True,2,1,0.5
2026-03-07_21.32.13,42,sign-optimization-vertical_scenario,269,221,3,-7,-6,90,90,15,1,9706,AdultFemaleAgent(Clone),8,7,1.58,1.45,10.19458,2,True,2,1,0.5
2026-03-07_21.32.13,42,sign-optimization-vertical_scenario,269,221,3,-7,-6,90,90,15,1,9707,WheelchairAgent(Clone),7,8,1.3,1.17,8.563721,2,True,2,1,0.5
2026-03-07_21.32.13,42,sign-optimization-vertical_scenario,269,221,3,-7,-6,90,90,15,1,9708,AdultMaleAgent(Clone),8,7,1.71,1.58,9.328125,2,True,2,1,0.5
2026-03-07_21.32.13,42,sign-optimization-vertical_scenario,269,221,3,-7,-6,90,90,15,1,9709,AdultMaleAgent(Clone),8,7,1.71,1.58,10.83887,2,True,2,1,0.5
2026-03-07_21.32.13,42,sign-optimization-vertical_scenario,269,221,3,-7,-6,90,90,15,1,9710,AdultFemaleAgent(Clone),8,7,1.58,1.45,10.55078,2,True,2,1,0.5
2026-03-07_21.32.13,42,sign-optimization-vertical_scenario,269,221,3,-7,-6,90,90,15,1,9711,AdultFemaleAgent(Clone),7,8,1.58,1.45,11.19775,2,True,2,1,0.5
2026-03-07_21.32.13,42,sign-optimization-vertical_scenario,269,221,3,-7,-6,90,90,15,1,9712,AdultFemaleAgent(Clone),7,8,1.58,1.45,7.567627,1,True,2,1,0.5
2026-03-07_21.32.13,42,sign-optimization-vertical_scenario,269,221,3,-7,-6,90,90,15,1,9713,AdultFemaleAgent(Clone),7,8,1.58,1.45,8.990967,2,True,2,1,0.5
2026-03-07_21.32.13,42,sign-optimization-vertical_scenario,269,221,3,-7,-6,90,90,15,1,9714,WheelchairAgent(Clone),8,7,1.3,1.17,9.423584,2,True,2,1,0.5
2026-03-07_21.32.13,42,sign-optimization-vertical_scenario,269,221,3,-7,-6,90,90,15,1,9715,AdultFemaleAgent(Clone),7,8,1.58,1.45,8.730225,2,True,2,1,0.5
2026-03-07_21.32.13,42,sign-optimization-vertical_scenario,269,221,3,-7,-6,90,90,15,1,9716,WheelchairAgent(Clone),8,7,1.3,1.17,10.3645,2,True,2,1,0.5
2026-03-07_21.32.13,42,sign-optimization-vertical_scenario,269,221,3,-7,-6,90,90,15,1,9717,AdultMaleAgent(Clone),8,7,1.71,1.58,9.872803,2,True,2,1,0.5
2026-03-07_21.32.13,42,sign-optimization-vertical_scenario,269,221,3,-7,-6,90,90,15,1,9718,WheelchairAgent(Clone),7,8,1.3,1.17,8.135254,2,True,2,1,0.5
2026-03-07_21.32.13,42,sign-optimization-vertical_scenario,269,221,3,-7,-6,90,90,15,1,9719,WheelchairAgent(Clone),7,8,1.3,1.17,8.884521,2,True,2,1,0.5
2026-03-07_21.32.13,42,sign-optimization-vertical_scenario,269,221,3,-7,-6,90,90,15,1,9720,AdultFemaleAgent(Clone),8,7,1.58,1.45,10.67383,2,True,2,1,0.5
2026-03-07_21.32.13,42,sign-optimization-vertical_scenario,269,221,3,-7,-6,90,90,15,1,9721,AdultMaleAgent(Clone),7,8,1.71,1.58,7.828857,2,True,2,1,0.5
2026-03-07_21.32.13,42,sign-optimization-vertical_scenario,269,221,3,-7,-6,90,90,15,1,9722,AdultMaleAgent(Clone),7,8,1.71,1.58,7.749512,2,True,2,1,0.5
2026-03-07_21.32.13,42,sign-optimization-vertical_scenario,269,221,3,-7,-6,90,90,15,1,9723,AdultFemaleAgent(Clone),8,7,1.58,1.45,10.21167,2,True,2,1,0.5
2026-03-07_21.32.13,42,sign-optimization-vertical_scenario,269,221,3,-7,-6,90,90,15,1,9724,AdultMaleAgent(Clone),7,8,1.71,1.58,9.625244,2,True,2,1,0.5
2026-03-07_21.32.13,42,sign-optimization-vertical_scenario,269,221,3,-7,-6,90,90,15,1,9725,WheelchairAgent(Clone),7,8,1.3,1.17,8.682861,2,True,2,1,0.5
2026-03-07_21.32.13,42,sign-optimization-vertical_scenario,269,221,3,-7,-6,90,90,15,1,9726,WheelchairAgent(Clone),8,7,1.3,1.17,9.914307,2,True,2,1,0.5
2026-03-07_21.32.13,42,sign-optimization-vertical_scenario,269,221,3,-7,-6,90,90,15,1,9727,AdultFemaleAgent(Clone),8,7,1.58,1.45,10.08081,2,True,2,1,0.5
2026-03-07_21.32.13,42,sign-optimization-vertical_scenario,269,221,3,-7,-6,90,90,15,1,9728,AdultFemaleAgent(Clone),7,8,1.58,1.45,10.29272,2,True,2,1,0.5
2026-03-07_21.32.13,42,sign-optimization-vertical_scenario,269,221,3,-7,-6,90,90,15,1,9729,AdultMaleAgent(Clone),8,7,1.71,1.58,8.015137,2,True,2,1,0.5
2026-03-07_21.32.13,42,sign-optimization-vertical_scenario,269,221,3,-7,-6,90,90,15,1,9730,WheelchairAgent(Clone),7,8,1.3,1.17,7.523682,2,True,2,1,0.5
2026-03-07_21.32.13,42,sign-optimization-vertical_scenario,269,221,3,-7,-6,90,90,15,1,9731,AdultFemaleAgent(Clone),8,7,1.58,1.45,10.18335,2,True,2,1,0.5
2026-03-07_21.32.13,42,sign-optimization-vertical_scenario,269,221,3,-7,-6,90,90,15,1,9732,AdultFemaleAgent(Clone),7,8,1.58,1.45,9.662354,2,True,2,1,0.5
2026-03-07_21.32.13,42,sign-optimization-vertical_scenario,269,221,3,-7,-6,90,90,15,1,9733,WheelchairAgent(Clone),8,7,1.3,1.17,8.968018,2,True,2,1,0.5
2026-03-07_21.32.13,42,sign-optimization-vertical_scenario,269,221,3,-7,-6,90,90,15,1,9734,WheelchairAgent(Clone),7,8,1.3,1.17,9.525146,2,True,2,1,0.5
2026-03-07_21.32.13,42,sign-optimization-vertical_scenario,269,221,3,-7,-6,90,90,15,1,9735,WheelchairAgent(Clone),8,7,1.3,1.17,8.890869,2,True,2,1,0.5
2026-03-07_21.32.13,42,sign-optimization-vertical_scenario,269,221,3,-7,-6,90,90,15,1,9736,WheelchairAgent(Clone),7,8,1.3,1.17,9.466553,2,True,2,1,0.5
2026-03-07_21.32.13,42,sign-optimization-vertical_scenario,269,221,3,-7,-6,90,90,15,1,9737,AdultMaleAgent(Clone),7,8,1.71,1.58,9.148682,2,True,2,1,0.5
2026-03-07_21.32.13,42,sign-optimization-vertical_scenario,269,221,3,-7,-6,90,90,15,1,9738,AdultFemaleAgent(Clone),8,7,1.58,1.45,9.80542,2,True,2,1,0.5
2026-03-07_21.32.13,42,sign-optimization-vertical_scenario,269,221,3,-7,-6,90,90,15,1,9739,AdultFemaleAgent(Clone),7,8,1.58,1.45,9.232422,2,True,2,1,0.5
2026-03-07_21.32.13,42,sign-optimization-vertical_scenario,269,221,3,-7,-6,90,90,15,1,9740,WheelchairAgent(Clone),8,7,1.3,1.17,9.351563,1,True,2,1,0.5
2026-03-07_21.32.13,42,sign-optimization-vertical_scenario,269,221,3,-7,-6,90,90,15,1,9741,WheelchairAgent(Clone),7,8,1.3,1.17,9.494385,2,True,2,1,0.5
2026-03-07_21.32.13,42,sign-optimization-vertical_scenario,269,221,3,-7,-6,90,90,15,1,9742,WheelchairAgent(Clone),7,8,1.3,1.17,8.684814,2,True,2,1,0.5
2026-03-07_21.32.13,42,sign-optimization-vertical_scenario,269,221,3,-7,-6,90,90,15,1,9743,WheelchairAgent(Clone),7,8,1.3,1.17,8.05127,2,True,2,1,0.5
2026-03-07_21.32.13,42,sign-optimization-vertical_scenario,269,221,3,-7,-6,90,90,15,1,9744,AdultMaleAgent(Clone),8,7,1.71,1.58,9.390869,2,True,2,1,0.5
2026-03-07_21.32.13,42,sign-optimization-vertical_scenario,269,221,3,-7,-6,90,90,15,1,9745,AdultFemaleAgent(Clone),7,8,1.58,1.45,7.818848,2,True,2,1,0.5
2026-03-07_21.32.13,42,sign-optimization-vertical_scenario,269,221,3,-7,-6,90,90,15,1,9746,AdultMaleAgent(Clone),8,7,1.71,1.58,9.008301,1,True,2,1,0.5
2026-03-07_21.32.13,42,sign-optimization-vertical_scenario,269,221,3,-7,-6,90,90,15,1,9747,AdultFemaleAgent(Clone),8,7,1.58,1.45,9.605469,1,True,2,1,0.5
2026-03-07_21.32.13,42,sign-optimization-vertical_scenario,269,221,3,-7,-6,90,90,15,1,9748,AdultFemaleAgent(Clone),7,8,1.58,1.45,8.086426,2,True,2,1,0.5
2026-03-07_21.32.13,42,sign-optimization-vertical_scenario,269,221,3,-7,-6,90,90,15,1,9749,AdultFemaleAgent(Clone),8,7,1.58,1.45,10.43848,1,True,2,1,0.5
2026-03-07_21.32.13,42,sign-optimization-vertical_scenario,269,221,3,-7,-6,90,90,15,1,9750,AdultMaleAgent(Clone),8,7,1.71,1.58,8.93042,1,True,2,1,0.5
2026-03-07_21.32.13,42,sign-optimization-vertical_scenario,269,221,3,-7,-6,90,90,15,1,9751,WheelchairAgent(Clone),7,8,1.3,1.17,8.477539,2,True,2,1,0.5
2026-03-07_21.32.13,42,sign-optimization-vertical_scenario,269,221,3,-7,-6,90,90,15,1,9752,AdultFemaleAgent(Clone),7,8,1.58,1.45,8.663818,2,True,2,1,0.5
2026-03-07_21.32.13,42,sign-optimization-vertical_scenario,269,221,3,-7,-6,90,90,15,1,9753,AdultMaleAgent(Clone),8,7,1.71,1.58,9.017578,1,True,2,1,0.5
2026-03-07_21.32.13,42,sign-optimization-vertical_scenario,269,221,3,-7,-6,90,90,15,1,9754,AdultMaleAgent(Clone),7,8,1.71,1.58,8.526611,2,True,2,1,0.5
2026-03-07_21.32.13,42,sign-optimization-vertical_scenario,269,221,3,-7,-6,90,90,15,1,9755,AdultFemaleAgent(Clone),7,8,1.58,1.45,7.783691,2,True,2,1,0.5
2026-03-07_21.32.13,42,sign-optimization-vertical_scenario,269,221,3,-7,-6,90,90,15,1,9756,AdultFemaleAgent(Clone),7,8,1.58,1.45,8.856201,2,True,2,1,0.5
2026-03-07_21.32.13,42,sign-optimization-vertical_scenario,269,221,3,-7,-6,90,90,15,1,9757,WheelchairAgent(Clone),8,7,1.3,1.17,8.628662,1,True,2,1,0.5
2026-03-07_21.32.13,42,sign-optimization-vertical_scenario,269,221,3,-7,-6,90,90,15,1,9758,AdultMaleAgent(Clone),7,8,1.71,1.58,8.172852,2,True,2,1,0.5
2026-03-07_21.32.13,42,sign-optimization-vertical_scenario,269,221,3,-7,-6,90,90,15,1,9759,AdultFemaleAgent(Clone),7,8,1.58,1.45,8.765381,2,True,2,1,0.5
2026-03-07_21.32.13,42,sign-optimization-vertical_scenario,269,221,3,-7,-6,90,90,15,1,9760,AdultMaleAgent(Clone),8,7,1.71,1.58,9.017822,1,True,2,1,0.5
2026-03-07_21.32.13,42,sign-optimization-vertical_scenario,269,221,3,-7,-6,90,90,15,1,9761,WheelchairAgent(Clone),8,7,1.3,1.17,9.405273,1,True,2,1,0.5
2026-03-07_21.32.13,42,sign-optimization-vertical_scenario,269,221,3,-7,-6,90,90,15,1,9762,AdultMaleAgent(Clone),8,7,1.71,1.58,9.034424,1,True,2,1,0.5
2026-03-07_21.32.13,42,sign-optimization-vertical_scenario,269,221,3,-7,-6,90,90,15,1,9763,AdultFemaleAgent(Clone),8,7,1.58,1.45,9.099609,1,True,2,1,0.5
2026-03-07_21.32.13,42,sign-optimization-vertical_scenario,269,221,3,-7,-6,90,90,15,1,9764,AdultMaleAgent(Clone),8,7,1.71,1.58,10.38477,1,True,2,1,0.5
2026-03-07_21.32.13,42,sign-optimization-vertical_scenario,269,221,3,-7,-6,90,90,15,1,9765,WheelchairAgent(Clone),8,7,1.3,1.17,9.26123,1,True,2,1,0.5
2026-03-07_21.32.13,42,sign-optimization-vertical_scenario,269,221,3,-7,-6,90,90,15,1,9766,AdultFemaleAgent(Clone),8,7,1.58,1.45,11.3667,1,True,2,1,0.5
2026-03-07_21.32.13,42,sign-optimization-vertical_scenario,269,221,3,-7,-6,90,90,15,1,9767,AdultMaleAgent(Clone),7,8,1.71,1.58,8.245117,2,True,2,1,0.5
2026-03-07_21.32.13,42,sign-optimization-vertical_scenario,269,221,3,-7,-6,90,90,15,1,9768,WheelchairAgent(Clone),8,7,1.3,1.17,9.968262,1,True,2,1,0.5
2026-03-07_21.32.13,42,sign-optimization-vertical_scenario,269,221,3,-7,-6,90,90,15,1,9769,AdultFemaleAgent(Clone),7,8,1.58,1.45,10.08154,1,True,2,1,0.5
2026-03-07_21.32.13,42,sign-optimization-vertical_scenario,269,221,3,-7,-6,90,90,15,1,9770,AdultFemaleAgent(Clone),8,7,1.58,1.45,7.972412,1,True,2,1,0.5
2026-03-07_21.32.13,42,sign-optimization-vertical_scenario,269,221,3,-7,-6,90,90,15,1,9771,AdultFemaleAgent(Clone),8,7,1.58,1.45,9.2229,1,True,2,1,0.5
2026-03-07_21.32.13,42,sign-optimization-vertical_scenario,269,221,3,-7,-6,90,90,15,1,9772,AdultFemaleAgent(Clone),7,8,1.58,1.45,9.364502,1,True,2,1,0.5
2026-03-07_21.32.13,42,sign-optimization-vertical_scenario,269,221,3,-7,-6,90,90,15,1,9773,AdultMaleAgent(Clone),7,8,1.71,1.58,10.69287,1,True,2,1,0.5
2026-03-07_21.32.13,42,sign-optimization-vertical_scenario,269,221,3,-7,-6,90,90,15,1,9774,AdultMaleAgent(Clone),7,8,1.71,1.58,8.517578,2,True,2,1,0.5
2026-03-07_21.32.13,42,sign-optimization-vertical_scenario,269,221,3,-7,-6,90,90,15,1,9775,AdultFemaleAgent(Clone),7,8,1.58,1.45,8.68042,1,True,2,1,0.5
2026-03-07_21.32.13,42,sign-optimization-vertical_scenario,269,221,3,-7,-6,90,90,15,1,9776,AdultFemaleAgent(Clone),7,8,1.58,1.45,9.141357,1,True,2,1,0.5
2026-03-07_21.32.13,42,sign-optimization-vertical_scenario,269,221,3,-7,-6,90,90,15,1,9777,AdultFemaleAgent(Clone),7,8,1.58,1.45,7.916748,2,True,2,1,0.5
2026-03-07_21.32.13,42,sign-optimization-vertical_scenario,269,221,3,-7,-6,90,90,15,1,9778,WheelchairAgent(Clone),8,7,1.3,1.17,10.25854,1,True,2,1,0.5
2026-03-07_21.32.13,42,sign-optimization-vertical_scenario,269,221,3,-7,-6,90,90,15,1,9779,WheelchairAgent(Clone),8,7,1.3,1.17,9.606201,1,True,2,1,0.5
2026-03-07_21.32.13,42,sign-optimization-vertical_scenario,269,221,3,-7,-6,90,90,15,1,9780,AdultFemaleAgent(Clone),8,7,1.58,1.45,9.341309,1,True,2,1,0.5
2026-03-07_21.32.13,42,sign-optimization-vertical_scenario,269,221,3,-7,-6,90,90,15,1,9781,AdultMaleAgent(Clone),7,8,1.71,1.58,8.046143,2,True,2,1,0.5
2026-03-07_21.32.13,42,sign-optimization-vertical_scenario,269,221,3,-7,-6,90,90,15,1,9782,AdultFemaleAgent(Clone),7,8,1.58,1.45,9.185791,1,True,2,1,0.5
2026-03-07_21.32.13,42,sign-optimization-vertical_scenario,269,221,3,-7,-6,90,90,15,1,9783,AdultMaleAgent(Clone),7,8,1.71,1.58,8.789307,1,True,2,1,0.5
2026-03-07_21.32.13,42,sign-optimization-vertical_scenario,269,221,3,-7,-6,90,90,15,1,9784,WheelchairAgent(Clone),7,8,1.3,1.17,11.62866,1,True,2,1,0.5
2026-03-07_21.32.13,42,sign-optimization-vertical_scenario,269,221,3,-7,-6,90,90,15,1,9785,AdultFemaleAgent(Clone),7,8,1.58,1.45,9.476807,1,True,2,1,0.5
2026-03-07_21.32.13,42,sign-optimization-vertical_scenario,269,221,3,-7,-6,90,90,15,1,9786,WheelchairAgent(Clone),8,7,1.3,1.17,9.579102,1,True,2,1,0.5
2026-03-07_21.32.13,42,sign-optimization-vertical_scenario,269,221,3,-7,-6,90,90,15,1,9787,AdultFemaleAgent(Clone),7,8,1.58,1.45,8.837158,1,True,2,1,0.5
2026-03-07_21.32.13,42,sign-optimization-vertical_scenario,269,221,3,-7,-6,90,90,15,1,9788,WheelchairAgent(Clone),7,8,1.3,1.17,7.659424,2,False,2,1,0.5
2026-03-07_21.32.13,42,sign-optimization-vertical_scenario,269,221,3,-7,-6,90,90,15,1,9789,AdultMaleAgent(Clone),7,8,1.71,1.58,10.65576,1,True,2,1,0.5
2026-03-07_21.32.13,42,sign-optimization-vertical_scenario,269,221,3,-7,-6,90,90,15,1,9790,AdultMaleAgent(Clone),7,8,1.71,1.58,8.830566,1,True,2,1,0.5
2026-03-07_21.32.13,42,sign-optimization-vertical_scenario,269,221,3,-7,-6,90,90,15,1,9791,AdultMaleAgent(Clone),8,7,1.71,1.58,10.20532,1,True,2,1,0.5
2026-03-07_21.32.13,42,sign-optimization-vertical_scenario,269,221,3,-7,-6,90,90,15,1,9792,AdultMaleAgent(Clone),7,8,1.71,1.58,9,1,True,2,1,0.5
2026-03-07_21.32.13,42,sign-optimization-vertical_scenario,269,221,3,-7,-6,90,90,15,1,9793,WheelchairAgent(Clone),8,7,1.3,1.17,9.298584,1,True,2,1,0.5
2026-03-07_21.32.13,42,sign-optimization-vertical_scenario,269,221,3,-7,-6,90,90,15,1,9794,AdultMaleAgent(Clone),8,7,1.71,1.58,10.09766,1,True,2,1,0.5
2026-03-07_21.32.13,42,sign-optimization-vertical_scenario,269,221,3,-7,-6,90,90,15,1,9795,WheelchairAgent(Clone),8,7,1.3,1.17,9.546875,1,True,2,1,0.5
2026-03-07_21.32.13,42,sign-optimization-vertical_scenario,269,221,3,-7,-6,90,90,15,1,9796,WheelchairAgent(Clone),8,7,1.3,1.17,9.482666,1,True,2,1,0.5
2026-03-07_21.32.13,42,sign-optimization-vertical_scenario,269,221,3,-7,-6,90,90,15,1,9797,AdultFemaleAgent(Clone),7,8,1.58,1.45,8.508789,1,True,2,1,0.5
2026-03-07_21.32.13,42,sign-optimization-vertical_scenario,269,221,3,-7,-6,90,90,15,1,9798,AdultFemaleAgent(Clone),8,7,1.58,1.45,0,0,True,2,1,0.5
2026-03-07_21.32.13,42,sign-optimization-vertical_scenario,269,221,3,-7,-6,90,90,15,1,9799,AdultFemaleAgent(Clone),8,7,1.58,1.45,9.403564,1,True,2,1,0.5
2026-03-07_21.32.13,42,sign-optimization-vertical_scenario,269,221,3,-7,-6,90,90,15,1,9800,AdultMaleAgent(Clone),8,7,1.71,1.58,7.480957,1,True,2,1,0.5
2026-03-07_21.32.13,42,sign-optimization-vertical_scenario,269,221,3,-7,-6,90,90,15,1,9801,AdultFemaleAgent(Clone),7,8,1.58,1.45,8.556641,1,True,2,1,0.5
2026-03-07_21.32.13,42,sign-optimization-vertical_scenario,269,221,3,-7,-6,90,90,15,1,9802,WheelchairAgent(Clone),7,8,1.3,1.17,8.295654,1,True,2,1,0.5
2026-03-07_21.32.13,42,sign-optimization-vertical_scenario,269,221,3,-7,-6,90,90,15,1,9803,WheelchairAgent(Clone),7,8,1.3,1.17,9.368164,1,True,2,1,0.5
2026-03-07_21.32.13,42,sign-optimization-vertical_scenario,269,221,3,-7,-6,90,90,15,1,9804,AdultMaleAgent(Clone),7,8,1.71,1.58,8.668213,1,True,2,1,0.5
2026-03-07_21.32.13,42,sign-optimization-vertical_scenario,269,221,3,-7,-6,90,90,15,1,9805,WheelchairAgent(Clone),8,7,1.3,1.17,0,0,True,2,1,0.5
2026-03-07_21.32.13,42,sign-optimization-vertical_scenario,269,221,3,-7,-6,90,90,15,1,9806,WheelchairAgent(Clone),8,7,1.3,1.17,8.924316,1,True,2,1,0.5
2026-03-07_21.32.13,42,sign-optimization-vertical_scenario,269,221,3,-7,-6,90,90,15,1,9807,WheelchairAgent(Clone),7,8,1.3,1.17,8.433105,1,True,2,1,0.5
2026-03-07_21.32.13,42,sign-optimization-vertical_scenario,269,221,3,-7,-6,90,90,15,1,9808,AdultFemaleAgent(Clone),7,8,1.58,1.45,8.994141,1,True,2,1,0.5
2026-03-07_21.32.13,42,sign-optimization-vertical_scenario,269,221,3,-7,-6,90,90,15,1,9809,AdultFemaleAgent(Clone),8,7,1.58,1.45,0,0,True,2,1,0.5
2026-03-07_21.32.13,42,sign-optimization-vertical_scenario,269,221,3,-7,-6,90,90,15,1,9810,AdultMaleAgent(Clone),8,7,1.71,1.58,0,0,True,2,1,0.5
2026-03-07_21.32.13,42,sign-optimization-vertical_scenario,269,221,3,-7,-6,90,90,15,1,9811,WheelchairAgent(Clone),7,8,1.3,1.17,8.351807,1,True,2,1,0.5
2026-03-07_21.32.13,42,sign-optimization-vertical_scenario,269,221,3,-7,-6,90,90,15,1,9812,AdultFemaleAgent(Clone),8,7,1.58,1.45,0,0,True,2,1,0.5
2026-03-07_21.32.13,42,sign-optimization-vertical_scenario,269,221,3,-7,-6,90,90,15,1,9813,AdultFemaleAgent(Clone),8,7,1.58,1.45,0,0,True,2,1,0.5
2026-03-07_21.32.13,42,sign-optimization-vertical_scenario,269,221,3,-7,-6,90,90,15,1,9814,AdultFemaleAgent(Clone),8,7,1.58,1.45,0,0,True,2,1,0.5
2026-03-07_21.32.13,42,sign-optimization-vertical_scenario,269,221,3,-7,-6,90,90,15,1,9815,AdultMaleAgent(Clone),7,8,1.71,1.58,10.20532,1,True,2,1,0.5
2026-03-07_21.32.13,42,sign-optimization-vertical_scenario,269,221,3,-7,-6,90,90,15,1,9816,WheelchairAgent(Clone),8,7,1.3,1.17,0,0,True,2,1,0.5
2026-03-07_21.32.13,42,sign-optimization-vertical_scenario,269,221,3,-7,-6,90,90,15,1,9817,AdultMaleAgent(Clone),7,8,1.71,1.58,8.655518,1,True,2,1,0.5
2026-03-07_21.32.13,42,sign-optimization-vertical_scenario,269,221,3,-7,-6,90,90,15,1,9818,AdultFemaleAgent(Clone),7,8,1.58,1.45,8.512695,1,True,2,1,0.5
2026-03-07_21.32.13,42,sign-optimization-vertical_scenario,269,221,3,-7,-6,90,90,15,1,9819,WheelchairAgent(Clone),7,8,1.3,1.17,8.487305,1,True,2,1,0.5
2026-03-07_21.32.13,42,sign-optimization-vertical_scenario,269,221,3,-7,-6,90,90,15,1,9820,AdultFemaleAgent(Clone),7,8,1.58,1.45,9.325195,1,True,2,1,0.5
2026-03-07_21.32.13,42,sign-optimization-vertical_scenario,269,221,3,-7,-6,90,90,15,1,9821,WheelchairAgent(Clone),7,8,1.3,1.17,8.526367,1,True,2,1,0.5
2026-03-07_21.32.13,42,sign-optimization-vertical_scenario,269,221,3,-7,-6,90,90,15,1,9822,WheelchairAgent(Clone),8,7,1.3,1.17,0,0,False,2,0,0
2026-03-07_21.32.13,42,sign-optimization-vertical_scenario,269,221,3,-7,-6,90,90,15,1,9823,AdultFemaleAgent(Clone),8,7,1.58,1.45,0,0,True,2,1,0.5
2026-03-07_21.32.13,42,sign-optimization-vertical_scenario,269,221,3,-7,-6,90,90,15,1,9824,WheelchairAgent(Clone),7,8,1.3,1.17,9.101318,1,True,2,1,0.5
2026-03-07_21.32.13,42,sign-optimization-vertical_scenario,269,221,3,-7,-6,90,90,15,1,9825,WheelchairAgent(Clone),8,7,1.3,1.17,0,0,True,2,1,0.5
2026-03-07_21.32.13,42,sign-optimization-vertical_scenario,269,221,3,-7,-6,90,90,15,1,9826,AdultFemaleAgent(Clone),7,8,1.58,1.45,9.38501,1,True,2,1,0.5
2026-03-07_21.32.13,42,sign-optimization-vertical_scenario,269,221,3,-7,-6,90,90,15,1,9827,AdultFemaleAgent(Clone),8,7,1.58,1.45,0,0,True,2,1,0.5
2026-03-07_21.32.13,42,sign-optimization-vertical_scenario,269,221,3,-7,-6,90,90,15,1,9828,WheelchairAgent(Clone),7,8,1.3,1.17,8.941406,1,True,2,1,0.5
2026-03-07_21.32.13,42,sign-optimization-vertical_scenario,269,221,3,-7,-6,90,90,15,1,9829,AdultMaleAgent(Clone),8,7,1.71,1.58,0,0,True,2,1,0.5
2026-03-07_21.32.13,42,sign-optimization-vertical_scenario,269,221,3,-7,-6,90,90,15,1,9830,AdultMaleAgent(Clone),7,8,1.71,1.58,0,0,True,2,1,0.5
2026-03-07_21.32.13,42,sign-optimization-vertical_scenario,269,221,3,-7,-6,90,90,15,1,9831,WheelchairAgent(Clone),7,8,1.3,1.17,7.759766,1,True,2,1,0.5
2026-03-07_21.32.13,42,sign-optimization-vertical_scenario,269,221,3,-7,-6,90,90,15,1,9832,AdultFemaleAgent(Clone),8,7,1.58,1.45,0,0,False,2,1,0.5
2026-03-07_21.32.13,42,sign-optimization-vertical_scenario,269,221,3,-7,-6,90,90,15,1,9833,WheelchairAgent(Clone),7,8,1.3,1.17,0,0,True,2,1,0.5
2026-03-07_21.32.13,42,sign-optimization-vertical_scenario,269,221,3,-7,-6,90,90,15,1,9834,AdultMaleAgent(Clone),7,8,1.71,1.58,7.953613,1,True,2,1,0.5
2026-03-07_21.32.13,42,sign-optimization-vertical_scenario,269,221,3,-7,-6,90,90,15,1,9835,AdultMaleAgent(Clone),7,8,1.71,1.58,0,0,True,2,1,0.5
2026-03-07_21.32.13,42,sign-optimization-vertical_scenario,269,221,3,-7,-6,90,90,15,1,9836,WheelchairAgent(Clone),7,8,1.3,1.17,0,0,True,2,1,0.5
2026-03-07_21.32.13,42,sign-optimization-vertical_scenario,269,221,3,-7,-6,90,90,15,1,9837,AdultMaleAgent(Clone),7,8,1.71,1.58,0,0,True,2,1,0.5
2026-03-07_21.32.13,42,sign-optimization-vertical_scenario,269,221,3,-7,-6,90,90,15,1,9838,WheelchairAgent(Clone),7,8,1.3,1.17,0,0,True,2,1,0.5
2026-03-07_21.32.13,42,sign-optimization-vertical_scenario,269,221,3,-7,-6,90,90,15,1,9839,AdultMaleAgent(Clone),8,7,1.71,1.58,0,0,True,2,1,0.5
2026-03-07_21.32.13,42,sign-optimization-vertical_scenario,269,221,3,-7,-6,90,90,15,1,9840,WheelchairAgent(Clone),7,8,1.3,1.17,0,0,True,2,1,0.5
2026-03-07_21.32.13,42,sign-optimization-vertical_scenario,269,221,3,-7,-6,90,90,15,1,9841,AdultMaleAgent(Clone),7,8,1.71,1.58,0,0,True,2,1,0.5
2026-03-07_21.32.13,42,sign-optimization-vertical_scenario,269,221,3,-7,-6,90,90,15,1,9842,AdultFemaleAgent(Clone),7,8,1.58,1.45,0,0,True,2,1,0.5
2026-03-07_21.32.13,42,sign-optimization-vertical_scenario,269,221,3,-7,-6,90,90,15,1,9843,AdultMaleAgent(Clone),8,7,1.71,1.58,0,0,False,2,1,0.5
2026-03-07_21.32.13,42,sign-optimization-vertical_scenario,269,221,3,-7,-6,90,90,15,1,9844,WheelchairAgent(Clone),8,7,1.3,1.17,0,0,True,2,1,0.5
2026-03-07_21.32.13,42,sign-optimization-vertical_scenario,269,221,3,-7,-6,90,90,15,1,9845,WheelchairAgent(Clone),8,7,1.3,1.17,0,0,False,2,1,0.5
2026-03-07_21.32.13,42,sign-optimization-vertical_scenario,269,221,3,-7,-6,90,90,15,1,9846,AdultFemaleAgent(Clone),8,7,1.58,1.45,0,0,False,2,0,0
2026-03-07_21.32.13,42,sign-optimization-vertical_scenario,269,221,3,-7,-6,90,90,15,1,9847,AdultMaleAgent(Clone),8,7,1.71,1.58,0,0,False,2,0,0
2026-03-07_21.32.13,42,sign-optimization-vertical_scenario,269,221,3,-7,-6,90,90,15,1,9848,WheelchairAgent(Clone),8,7,1.3,1.17,0,0,False,2,0,0
2026-03-07_21.32.13,42,sign-optimization-vertical_scenario,269,221,3,-7,-6,90,90,15,1,9849,AdultFemaleAgent(Clone),7,8,1.58,1.45,0,0,True,2,1,0.5
2026-03-07_21.32.13,42,sign-optimization-vertical_scenario,269,221,3,-7,-6,90,90,15,1,9850,AdultFemaleAgent(Clone),7,8,1.58,1.45,0,0,True,2,1,0.5
2026-03-07_21.32.13,42,sign-optimization-vertical_scenario,269,221,3,-7,-6,90,90,15,1,9851,AdultMaleAgent(Clone),8,7,1.71,1.58,0,0,False,2,0,0
2026-03-07_21.32.13,42,sign-optimization-vertical_scenario,269,221,3,-7,-6,90,90,15,1,9852,AdultFemaleAgent(Clone),7,8,1.58,1.45,0,0,True,2,1,0.5
2026-03-07_21.32.13,42,sign-optimization-vertical_scenario,269,221,3,-7,-6,90,90,15,1,9853,AdultFemaleAgent(Clone),8,7,1.58,1.45,0,0,False,2,0,0
2026-03-07_21.32.13,42,sign-optimization-vertical_scenario,269,221,3,-7,-6,90,90,15,1,9854,AdultMaleAgent(Clone),8,7,1.71,1.58,0,0,False,2,0,0
2026-03-07_21.32.13,42,sign-optimization-vertical_scenario,269,221,3,-7,-6,90,90,15,1,9855,AdultMaleAgent(Clone),8,7,1.71,1.58,0,0,False,2,0,0
2026-03-07_21.32.13,42,sign-optimization-vertical_scenario,269,221,3,-7,-6,90,90,15,1,9856,AdultFemaleAgent(Clone),8,7,1.58,1.45,0,0,False,2,0,0
2026-03-07_21.32.13,42,sign-optimization-vertical_scenario,269,221,3,-7,-6,90,90,15,1,9857,WheelchairAgent(Clone),7,8,1.3,1.17,0,0,False,2,1,0.5
2026-03-07_21.32.13,42,sign-optimization-vertical_scenario,269,221,3,-7,-6,90,90,15,1,9858,AdultMaleAgent(Clone),7,8,1.71,1.58,0,0,True,2,1,0.5
2026-03-07_21.32.13,42,sign-optimization-vertical_scenario,269,221,3,-7,-6,90,90,15,1,9859,AdultFemaleAgent(Clone),8,7,1.58,1.45,0,0,False,2,0,0
2026-03-07_21.32.13,42,sign-optimization-vertical_scenario,269,221,3,-7,-6,90,90,15,1,9860,WheelchairAgent(Clone),7,8,1.3,1.17,0,0,False,2,0,0
2026-03-07_21.32.13,42,sign-optimization-vertical_scenario,269,221,3,-7,-6,90,90,15,1,9861,AdultFemaleAgent(Clone),7,8,1.58,1.45,0,0,False,2,1,0.5
2026-03-07_21.32.13,42,sign-optimization-vertical_scenario,269,221,3,-7,-6,90,90,15,1,9862,AdultFemaleAgent(Clone),8,7,1.58,1.45,0,0,False,2,0,0
2026-03-07_21.32.13,42,sign-optimization-vertical_scenario,269,221,3,-7,-6,90,90,15,1,9863,WheelchairAgent(Clone),7,8,1.3,1.17,0,0,False,2,0,0
2026-03-07_21.32.13,42,sign-optimization-vertical_scenario,269,221,3,-7,-6,90,90,15,1,9864,WheelchairAgent(Clone),7,8,1.3,1.17,0,0,False,2,0,0
2026-03-07_21.32.13,42,sign-optimization-vertical_scenario,269,221,3,-7,-6,90,90,15,1,9865,AdultFemaleAgent(Clone),7,8,1.58,1.45,0,0,False,2,0,0
2026-03-07_21.32.13,42,sign-optimization-vertical_scenario,269,221,3,-7,-6,90,90,15,1,9866,AdultMaleAgent(Clone),7,8,1.71,1.58,0,0,False,2,0,0
2026-03-07_21.32.13,42,sign-optimization-vertical_scenario,269,221,3,-7,-6,90,90,15,1,9867,AdultFemaleAgent(Clone),8,7,1.58,1.45,0,0,False,2,0,0
2026-03-07_21.32.13,42,sign-optimization-vertical_scenario,269,221,3,-7,-6,90,90,15,1,9868,AdultMaleAgent(Clone),8,7,1.71,1.58,0,0,False,2,0,0
2026-03-07_21.32.13,42,sign-optimization-vertical_scenario,269,221,3,-7,-6,90,90,15,1,9869,AdultFemaleAgent(Clone),8,7,1.58,1.45,0,0,False,2,0,0
2026-03-07_21.32.13,42,sign-optimization-vertical_scenario,269,221,3,-7,-6,90,90,15,1,9870,AdultMaleAgent(Clone),8,7,1.71,1.58,0,0,False,2,0,0
2026-03-07_21.32.13,42,sign-optimization-vertical_scenario,269,221,3,-7,-6,90,90,15,1,9871,AdultMaleAgent(Clone),8,7,1.71,1.58,0,0,False,2,0,0
2026-03-07_21.32.13,42,sign-optimization-vertical_scenario,269,221,3,-7,-6,90,90,15,1,9872,WheelchairAgent(Clone),7,8,1.3,1.17,0,0,False,2,0,0
2026-03-07_21.32.13,42,sign-optimization-vertical_scenario,269,221,3,-7,-6,90,90,15,1,9873,AdultFemaleAgent(Clone),7,8,1.58,1.45,0,0,False,2,0,0
2026-03-07_21.32.13,42,sign-optimization-vertical_scenario,269,221,3,-7,-6,90,90,15,1,9874,AdultMaleAgent(Clone),7,8,1.71,1.58,0,0,False,2,0,0
2026-03-07_21.32.13,42,sign-optimization-vertical_scenario,269,221,3,-7,-6,90,90,15,1,9875,WheelchairAgent(Clone),7,8,1.3,1.17,0,0,False,2,0,0
2026-03-07_21.32.13,42,sign-optimization-vertical_scenario,269,221,3,-7,-6,90,90,15,1,9876,AdultFemaleAgent(Clone),7,8,1.58,1.45,0,0,False,2,0,0
2026-03-07_21.32.13,42,sign-optimization-vertical_scenario,269,221,3,-7,-6,90,90,15,1,9877,AdultMaleAgent(Clone),8,7,1.71,1.58,0,0,False,2,0,0
2026-03-07_21.32.13,42,sign-optimization-vertical_scenario,269,221,3,-7,-6,90,90,15,1,9878,AdultMaleAgent(Clone),7,8,1.71,1.58,0,0,False,2,0,0
2026-03-07_21.32.13,42,sign-optimization-vertical_scenario,269,221,3,-7,-6,90,90,15,1,9879,AdultMaleAgent(Clone),7,8,1.71,1.58,0,0,False,2,0,0
2026-03-07_21.32.13,42,sign-optimization-vertical_scenario,269,221,3,-7,-6,90,90,15,1,9880,WheelchairAgent(Clone),8,7,1.3,1.17,0,0,False,2,0,0
2026-03-07_21.32.13,42,sign-optimization-vertical_scenario,269,221,3,-7,-6,90,90,15,1,9881,WheelchairAgent(Clone),7,8,1.3,1.17,0,0,False,2,0,0
2026-03-07_21.32.13,42,sign-optimization-vertical_scenario,269,221,3,-7,-6,90,90,15,1,9882,AdultMaleAgent(Clone),7,8,1.71,1.58,0,0,False,2,0,0
2026-03-07_21.32.13,42,sign-optimization-vertical_scenario,269,221,3,-7,-6,90,90,15,1,9883,AdultFemaleAgent(Clone),7,8,1.58,1.45,0,0,False,2,0,0
2026-03-07_21.32.13,42,sign-optimization-vertical_scenario,269,221,3,-7,-6,90,90,15,1,9884,AdultMaleAgent(Clone),8,7,1.71,1.58,0,0,False,2,0,0
2026-03-07_21.32.13,42,sign-optimization-vertical_scenario,269,221,3,-7,-6,90,90,15,1,9885,WheelchairAgent(Clone),7,8,1.3,1.17,0,0,False,2,0,0
2026-03-07_21.32.13,42,sign-optimization-vertical_scenario,269,221,3,-7,-6,90,90,15,1,9886,WheelchairAgent(Clone),8,7,1.3,1.17,0,0,False,2,0,0
2026-03-07_21.32.13,42,sign-optimization-vertical_scenario,269,221,3,-7,-6,90,90,15,1,9887,AdultMaleAgent(Clone),7,8,1.71,1.58,0,0,False,2,0,0
2026-03-07_21.32.13,42,sign-optimization-vertical_scenario,269,221,3,-7,-6,90,90,15,1,9888,AdultMaleAgent(Clone),8,7,1.71,1.58,0,0,False,2,0,0
2026-03-07_21.32.13,42,sign-optimization-vertical_scenario,269,221,3,-7,-6,90,90,15,1,9889,AdultFemaleAgent(Clone),7,8,1.58,1.45,0,0,False,2,0,0
2026-03-07_21.32.13,42,sign-optimization-vertical_scenario,269,221,3,-7,-6,90,90,15,1,9890,AdultMaleAgent(Clone),8,7,1.71,1.58,0,0,False,2,0,0
2026-03-07_21.32.13,42,sign-optimization-vertical_scenario,269,221,3,-7,-6,90,90,15,1,9891,AdultMaleAgent(Clone),8,7,1.71,1.58,0,0,False,2,0,0
2026-03-07_21.32.13,42,sign-optimization-vertical_scenario,269,221,3,-7,-6,90,90,15,1,9892,WheelchairAgent(Clone),7,8,1.3,1.17,0,0,False,2,0,0
